Terminal,Capacidad,Unidad,Movil
1. Bogota,81,MT3,1123
1. Bogota,81,MT3,1141
1. Bogota,81,MT3,1142
1. Bogota,5,MT3,1363
1. Bogota,5,MT3,1364
1. Bogota,5,MT3,1365
1. Bogota,5,MT3,1366
1. Bogota,5,MT3,1367
1. Bogota,5,MT3,1368
1. Bogota,5,MT3,1369
1. Bogota,5,MT3,1370
1. Bogota,4,MT3,1799
1. Bogota,23,MT3,1817
1. Bogota,23,MT3,1818
1. Bogota,23,MT3,1819
1. Bogota,23,MT3,1820
1. Bogota,23,MT3,1822
1. Bogota,23,MT3,1823
1. Bogota,23,MT3,1827
1. Bogota,23,MT3,1829
1. Bogota,23,MT3,1831
1. Bogota,23,MT3,1832
1. Bogota,23,MT3,1836
1. Bogota,23,MT3,1837
1. Bogota,23,MT3,1843
1. Bogota,23,MT3,1845
1. Bogota,23,MT3,1849
1. Bogota,23,MT3,1852
1. Bogota,23,MT3,1856
1. Bogota,23,MT3,1857
1. Bogota,23,MT3,1860
1. Bogota,23,MT3,1863
1. Bogota,23,MT3,1865
1. Bogota,23,MT3,1868
1. Bogota,23,MT3,1870
1. Bogota,23,MT3,1871
1. Bogota,23,MT3,1873
1. Bogota,23,MT3,1875
1. Bogota,23,MT3,1876
1. Bogota,23,MT3,1879
1. Bogota,23,MT3,1892
1. Bogota,23,MT3,1893
1. Bogota,23,MT3,1894
1. Bogota,23,MT3,1895
1. Bogota,14,MT3,1900
1. Bogota,81,MT3,2000
1. Bogota,23,MT3,2126
1. Bogota,23,MT3,2127
1. Bogota,23,MT3,2128
1. Bogota,23,MT3,2129
1. Bogota,23,MT3,2130
1. Bogota,23,MT3,2131
1. Bogota,23,MT3,2133
1. Bogota,23,MT3,2135
1. Bogota,23,MT3,2140
1. Bogota,23,MT3,2141
1. Bogota,23,MT3,2143
1. Bogota,23,MT3,2148
1. Bogota,23,MT3,2150
1. Bogota,23,MT3,2155
1. Bogota,23,MT3,2156
1. Bogota,23,MT3,2157
1. Bogota,23,MT3,2162
1. Bogota,23,MT3,2163
1. Bogota,23,MT3,2164
1. Bogota,23,MT3,2167
1. Bogota,23,MT3,2168
1. Bogota,23,MT3,2169
1. Bogota,23,MT3,2170
1. Bogota,23,MT3,2171
1. Bogota,23,MT3,2173
1. Bogota,23,MT3,2176
1. Bogota,23,MT3,2177
1. Bogota,23,MT3,2178
1. Bogota,23,MT3,2180
1. Bogota,23,MT3,2182
1. Bogota,23,MT3,2185
1. Bogota,23,MT3,2192
1. Bogota,27,MT3,2199
1. Bogota,27,MT3,2203
1. Bogota,27,MT3,2205
1. Bogota,27,MT3,2207
1. Bogota,3,MT3,2210
1. Bogota,3,MT3,2212
1. Bogota,3,MT3,2213
1. Bogota,3,MT3,2215
1. Bogota,23,MT3,2274
1. Bogota,23,MT3,2285
1. Bogota,39,MT3,2325
1. Bogota,39,MT3,2326
1. Bogota,39,MT3,2327
1. Bogota,14,MT3,2356
1. Bogota,14,MT3,2357
1. Bogota,14,MT3,2361
1. Bogota,14,MT3,2365
1. Bogota,36,MT3,2368
1. Bogota,36,MT3,2405
1. Bogota,36,MT3,2410
1. Bogota,36,MT3,2415
1. Bogota,41,MT3,2439
1. Bogota,41,MT3,2440
1. Bogota,41,MT3,2443
1. Bogota,41,MT3,2444
1. Bogota,41,MT3,2445
1. Bogota,41,MT3,2446
1. Bogota,36,MT3,2465
1. Bogota,4,MT3,2475
1. Bogota,4,MT3,2476
1. Bogota,4,MT3,2477
1. Bogota,4,MT3,2478
1. Bogota,4,MT3,2487
1. Bogota,4,MT3,2488
1. Bogota,4,MT3,2489
1. Bogota,23,MT3,2495
1. Bogota,23,MT3,2496
1. Bogota,16,MT3,2514
1. Bogota,16,MT3,2517
1. Bogota,16,MT3,2518
1. Bogota,16,MT3,2519
1. Bogota,16,MT3,2520
1. Bogota,16,MT3,2522
1. Bogota,16,MT3,2524
1. Bogota,16,MT3,2525
1. Bogota,16,MT3,2526
1. Bogota,16,MT3,2527
1. Bogota,16,MT3,2528
1. Bogota,16,MT3,2529
1. Bogota,16,MT3,2530
1. Bogota,16,MT3,2532
1. Bogota,16,MT3,2533
1. Bogota,16,MT3,2534
1. Bogota,16,MT3,2535
1. Bogota,16,MT3,2536
1. Bogota,16,MT3,2537
1. Bogota,16,MT3,2538
1. Bogota,16,MT3,2539
1. Bogota,16,MT3,2540
1. Bogota,16,MT3,2542
1. Bogota,16,MT3,2543
1. Bogota,16,MT3,2544
1. Bogota,16,MT3,2545
1. Bogota,16,MT3,2546
1. Bogota,16,MT3,2548
1. Bogota,16,MT3,2549
1. Bogota,16,MT3,2552
1. Bogota,16,MT3,2553
1. Bogota,16,MT3,2554
1. Bogota,16,MT3,2555
1. Bogota,16,MT3,2557
1. Bogota,16,MT3,2558
1. Bogota,16,MT3,2559
1. Bogota,16,MT3,2560
1. Bogota,16,MT3,2562
1. Bogota,41,MT3,2563
1. Bogota,41,MT3,2565
1. Bogota,41,MT3,2566
1. Bogota,41,MT3,2567
1. Bogota,41,MT3,2569
1. Bogota,41,MT3,2574
1. Bogota,41,MT3,2575
1. Bogota,41,MT3,2576
1. Bogota,41,MT3,2577
1. Bogota,41,MT3,2584
1. Bogota,41,MT3,2585
1. Bogota,41,MT3,2586
1. Bogota,41,MT3,2587
1. Bogota,41,MT3,2588
1. Bogota,16,MT3,2589
1. Bogota,41,MT3,2590
1. Bogota,41,MT3,2593
1. Bogota,41,MT3,2594
1. Bogota,41,MT3,2595
1. Bogota,41,MT3,2596
1. Bogota,16,MT3,2597
1. Bogota,16,MT3,2598
1. Bogota,16,MT3,2599
1. Bogota,16,MT3,2600
1. Bogota,16,MT3,2603
1. Bogota,16,MT3,2604
1. Bogota,16,MT3,2605
1. Bogota,42,MT3,2608
1. Bogota,42,MT3,2609
1. Bogota,42,MT3,2610
1. Bogota,42,MT3,2613
1. Bogota,42,MT3,2614
1. Bogota,42,MT3,2615
1. Bogota,42,MT3,2616
1. Bogota,42,MT3,2617
1. Bogota,42,MT3,2618
1. Bogota,42,MT3,2619
1. Bogota,14,MT3,2620
1. Bogota,14,MT3,2622
1. Bogota,14,MT3,2624
1. Bogota,14,MT3,2625
1. Bogota,14,MTS,2626
1. Bogota,14,MT3,2627
1. Bogota,14,MT3,2629
1. Bogota,14,MT3,2630
1. Bogota,42,MT3,2631
1. Bogota,10,MT3,2644
1. Bogota,10,MT3,2645
1. Bogota,10,MT3,2646
1. Bogota,24,MT3,2648
1. Bogota,24,MT3,2652
1. Bogota,24,MT3,2653
1. Bogota,24,MT3,2654
1. Bogota,24,MT3,2655
1. Bogota,41,MT3,2670
1. Bogota,24,MT3,2684
1. Bogota,24,MT3,2686
1. Bogota,24,MT3,2687
1. Bogota,24,MT3,2688
1. Bogota,24,MT3,2689
1. Bogota,24,MT3,2690
1. Bogota,81,MT3,271
1. Bogota,24,MT3,2731
1. Bogota,24,MT3,2732
1. Bogota,24,MT3,2733
1. Bogota,24,MT3,2735
1. Bogota,24,MT3,2736
1. Bogota,24,MT3,2737
1. Bogota,81,MT3,2837
1. Bogota,8.9,MT3,2869
1. Bogota,8.9,MT3,2870
1. Bogota,8.9,MT3,2871
1. Bogota,8.9,MT3,2872
1. Bogota,8.9,MT3,2873
1. Bogota,8.9,MT3,2874
1. Bogota,8.9,MT3,3230
1. Bogota,8.9,MT3,3232
1. Bogota,8.9,MT3,3233
1. Bogota,8.9,MT3,3237
1. Bogota,8.9,MT3,3239
1. Bogota,12.30,MT3,3285
1. Bogota,12.30,MT3,3286
1. Bogota,12.30,MT3,3287
1. Bogota,12.30,MT3,3288
1. Bogota,12.30,MT3,3289
1. Bogota,12.30,MT3,3290
1. Bogota,12.30,MT3,3291
1. Bogota,12.30,MT3,3292
1. Bogota,12.30,MT3,3293
1. Bogota,12.30,MT3,3294
1. Bogota,12.30,MT3,3295
1. Bogota,12.30,MT3,3296
1. Bogota,12.30,MT3,3297
1. Bogota,12.30,MT3,3298
1. Bogota,12.30,MT3,3299
1. Bogota,12.30,MT3,3300
1. Bogota,12.30,MT3,3301
1. Bogota,12.30,MT3,3302
1. Bogota,12.30,MT3,3303
1. Bogota,12.30,MT3,3304
1. Bogota,12.30,MT3,3305
1. Bogota,12.30,MT3,3306
1. Bogota,12.30,MT3,3307
1. Bogota,12.30,MT3,3308
1. Bogota,12.30,MT3,3309
1. Bogota,12.30,MT3,3310
1. Bogota,12.30,MT3,3311
1. Bogota,12.30,MT3,3312
1. Bogota,12.30,MT3,3313
1. Bogota,12.30,MT3,3314
1. Bogota,22,MT3,3317
1. Bogota,22,MT3,3318
1. Bogota,22,MT3,3319
1. Bogota,81,MT3,44
1. Bogota,81,MT3,457
1. Bogota,81,MT3,459
1. Bogota,81,MT3,462
1. Bogota,81,MT3,465
1. Bogota,81,MT3,466
1. Bogota,81,MT3,468
1. Bogota,81,MT3,470
1. Bogota,81,MT3,48
1. Bogota,81,MT3,480
1. Bogota,81,MT3,482
1. Bogota,81,MT3,484
1. Bogota,81,MT3,488
1. Bogota,81,MT3,491
1. Bogota,81,MT3,498
1. Bogota,81,MT3,651
1. Bogota,81,MT3,652
1. Bogota,81,MT3,653
1. Bogota,81,MT3,660
1. Bogota,81,MT3,662
1. Bogota,81,MT3,683
1. Bogota,81,MT3,684
1. Bogota,81,MT3,685
1. Bogota,81,MT3,691
1. Bogota,23,MT3,890
1. Bogota,23,MT3,891
1. Bogota,23,MT3,893
1. Bogota,23,MT3,896
1. Bogota,23,MT3,898
1. Bogota,23,MT3,913
1. Bogota,23,MT3,914
11. Pasto,3,MT3,2214
11. Pasto,23,MT3,2224
11. Pasto,23,MT3,2247
11. Pasto,23,MT3,2251
11. Pasto,23,MT3,2278
11. Pasto,23,MT3,2291
11. Pasto,23,MT3,2343
11. Pasto,23,MT3,2345
12. Cucuta,23,MT3,1824
12. Cucuta,23,MT3,1825
12. Cucuta,23,MT3,1828
12. Cucuta,23,MT3,1839
12. Cucuta,23,MT3,1841
12. Cucuta,23,MT3,1858
12. Cucuta,23,MT3,1859
12. Cucuta,23,MT3,2174
12. Cucuta,23,MT3,2190
12. Cucuta,23,MT3,2260
12. Cucuta,23,MT3,2263
12. Cucuta,23,MT3,2268
12. Cucuta,23,MT3,2271
12. Cucuta,23,MT3,2298
12. Cucuta,14,MT3,2329
12. Cucuta,23,MT3,2380
12. Cucuta,8.9,MT3,3199
13. Manizales,23,MT3,2284
13. Manizales,23,MT3,2295
13. Manizales,23,MT3,2297
13. Manizales,23,MT3,2310
13. Manizales,23,MT3,2312
13. Manizales,23,MT3,2320
13. Manizales,23,MT3,2335
13. Manizales,23,MT3,2338
13. Manizales,23,MT3,2350
13. Manizales,36,MT3,2372
13. Manizales,13,MT3,605
14. Monteria,23,MT3,1803
14. Monteria,23,MT3,1807
14. Monteria,23,MT3,2277
14. Monteria,23,MT3,2293
14. Monteria,23,MT3,2305
14. Monteria,23,MT3,2313
14. Monteria,23,MT3,2341
14. Monteria,36,MT3,2428
15. Buenaventura,23,MT3,2262
15. Buenaventura,13,MT3,604
15. Buenaventura,13,MT3,623
17. Popayan,23,MT3,1878
17. Popayan,23,MT3,2165
17. Popayan,23,MT3,2236
17. Popayan,23,MT3,2245
17. Popayan,23,MT3,2246
19. Yopal,23,MT3,2270
19. Yopal,4,MT3,2479
2. Medellin,70,,1557
2. Medellin,4,OCT,1798
2. Medellin,23,MT3,2179
2. Medellin,23,MT3,2187
2. Medellin,23,MT3,2188
2. Medellin,27,MT3,2194
2. Medellin,27,MT3,2195
2. Medellin,27,MT3,2196
2. Medellin,27,MT3,2197
2. Medellin,27,MT3,2198
2. Medellin,27,MT3,2200
2. Medellin,27,MT3,2201
2. Medellin,27,MT3,2202
2. Medellin,27,MT3,2204
2. Medellin,27,MT3,2206
2. Medellin,7.9,KLS,222042
2. Medellin,23,MT3,2230
2. Medellin,8,MT3,2275
2. Medellin,8,MT3,2276
2. Medellin,23,MT3,2339
2. Medellin,14,MT3,2360
2. Medellin,14,MT3,2366
2. Medellin,36,MT3,2369
2. Medellin,23,MT3,2374
2. Medellin,23,MT3,2376
2. Medellin,23,MT3,2378
2. Medellin,23,MT3,2384
2. Medellin,23,MT3,2385
2. Medellin,23,MT3,2387
2. Medellin,23,MT3,2388
2. Medellin,23,MT3,2390
2. Medellin,23,MT3,2391
2. Medellin,23,MT3,2392
2. Medellin,23,MT3,2393
2. Medellin,23,MT3,2394
2. Medellin,23,MT3,2395
2. Medellin,23,MT3,2400
2. Medellin,23,MT3,2402
2. Medellin,23,MT3,2403
2. Medellin,23,MT3,2404
2. Medellin,36,MT3,2414
2. Medellin,23,MT3,2418
2. Medellin,23,MT3,2419
2. Medellin,23,MT3,2421
2. Medellin,23,MT3,2423
2. Medellin,23,MT3,2424
2. Medellin,23,MT3,2425
2. Medellin,36,MT3,2432
2. Medellin,36,MT3,2435
2. Medellin,23,MT3,2436
2. Medellin,23,MT3,2437
2. Medellin,23,MT3,2438
2. Medellin,23,MT3,2450
2. Medellin,23,MT3,2454
2. Medellin,23,MT3,2455
2. Medellin,23,MT3,2456
2. Medellin,23,MT3,2457
2. Medellin,23,MT3,2458
2. Medellin,23,MT3,2459
2. Medellin,23,MT3,2460
2. Medellin,23,MT3,2462
2. Medellin,23,MT3,2463
2. Medellin,23,MT3,2464
2. Medellin,36,MT3,2466
2. Medellin,23,MT3,2468
2. Medellin,4,MT3,2484
2. Medellin,4,MT3,2490
2. Medellin,13,MT3,2492
2. Medellin,41,MT3,2570
2. Medellin,41,MT3,2573
2. Medellin,14,MT3,2623
2. Medellin,7,MT3,2632
2. Medellin,7,MT3,2633
2. Medellin,7,MT3,2634
2. Medellin,7,MT3,2635
2. Medellin,7,MT3,2636
2. Medellin,7,MT3,2637
2. Medellin,41,MT3,2656
2. Medellin,41,MT3,2657
2. Medellin,41,MT3,2659
2. Medellin,41,MT3,2661
2. Medellin,41,MT3,2666
2. Medellin,41,MT3,2669
2. Medellin,41,MT3,2671
2. Medellin,24,MT3,2672
2. Medellin,24,MT3,2673
2. Medellin,24,MT3,2675
2. Medellin,24,MT3,2676
2. Medellin,24,MT3,2677
2. Medellin,24,MT3,2678
2. Medellin,24,MT3,2679
2. Medellin,24,MT3,2680
2. Medellin,24,MT3,2683
2. Medellin,81,MT3,2779
2. Medellin,24,MT3,2844
2. Medellin,24,MT3,2845
2. Medellin,24,MT3,2848
2. Medellin,24,MT3,2850
2. Medellin,24,MT3,2851
2. Medellin,24,MT3,2853
2. Medellin,24,MT3,2854
2. Medellin,24,MT3,2855
2. Medellin,24,MT3,2856
2. Medellin,24,MT3,2858
2. Medellin,8.9,MT3,2859
2. Medellin,8.9,MT3,2860
2. Medellin,8.9,MT3,2861
2. Medellin,8.9,MT3,2862
2. Medellin,8.9,MT3,2866
2. Medellin,8.9,MT3,2867
2. Medellin,39.4,MT3,2875
2. Medellin,39.4,MT3,2876
2. Medellin,39.4,MT3,2877
2. Medellin,39.4,MT3,2878
2. Medellin,39.4,MT3,2879
2. Medellin,39.4,MT3,2880
2. Medellin,39.4,MT3,2881
2. Medellin,24,MT3,2883
2. Medellin,24,MT3,2885
2. Medellin,24,MT3,2886
2. Medellin,24,MT3,2887
2. Medellin,24,MT3,2890
2. Medellin,17.7,MT3,2894
2. Medellin,17.7,MT3,2896
2. Medellin,17.7,MT3,2903
2. Medellin,17.7,MT3,2904
2. Medellin,17.7,MT3,2905
2. Medellin,17.7,MT3,2906
2. Medellin,17.7,MT3,2909
2. Medellin,24,MT3,2918
2. Medellin,24,MT3,2919
2. Medellin,24,MT3,2921
2. Medellin,24,MT3,2922
2. Medellin,24,MT3,2923
2. Medellin,24,MT3,2924
2. Medellin,24,MT3,2925
2. Medellin,24,MT3,2927
2. Medellin,81,MT3,3047
2. Medellin,81,MT3,3048
2. Medellin,81,MT3,3049
2. Medellin,8.9,MT3,3197
2. Medellin,8.9,MT3,3198
2. Medellin,8.9,MT3,3200
2. Medellin,8.9,MT3,3201
2. Medellin,8.9,MT3,3202
2. Medellin,8.9,MT3,3203
2. Medellin,8.9,MT3,3204
2. Medellin,8.9,MT3,3209
2. Medellin,8.9,MT3,3210
2. Medellin,8.9,MT3,3212
2. Medellin,8.9,MT3,3213
2. Medellin,8.9,MT3,3214
2. Medellin,8.9,MT3,3215
2. Medellin,8.9,MT3,3216
2. Medellin,8.9,MT3,3217
2. Medellin,8.9,MT3,3219
2. Medellin,8.9,MT3,3221
2. Medellin,8.9,MT3,3241
2. Medellin,8.9,MT3,3242
2. Medellin,8.9,MT3,3243
2. Medellin,8.9,MT3,3244
2. Medellin,8.9,MT3,3245
2. Medellin,8.9,MT3,3246
2. Medellin,8.9,MT3,3247
2. Medellin,8.9,MT3,3249
2. Medellin,8.9,MT3,3250
2. Medellin,8.9,MT3,3251
2. Medellin,8.9,MT3,3252
2. Medellin,8.9,MT3,3255
2. Medellin,8.9,MT3,3256
2. Medellin,8.9,MT3,3257
2. Medellin,8.9,MT3,3258
2. Medellin,8.9,MT3,3259
2. Medellin,8.9,MT3,3260
2. Medellin,8.9,MT3,3261
2. Medellin,8.9,MT3,3262
2. Medellin,8.9,MT3,3263
2. Medellin,8.9,MT3,3264
2. Medellin,8.9,MT3,3265
2. Medellin,8.9,MT3,3266
2. Medellin,8.9,MT3,3268
2. Medellin,8.9,MT3,3271
2. Medellin,8.9,MT3,3273
2. Medellin,8.9,MT3,3274
2. Medellin,8.9,MT3,3275
2. Medellin,8.9,MT3,3276
2. Medellin,8.9,MT3,3277
2. Medellin,8.9,MT3,3278
2. Medellin,8.9,MT3,3279
2. Medellin,8.9,MT3,3280
2. Medellin,8.9,MT3,3281
2. Medellin,8.9,MT3,3282
2. Medellin,8.9,MT3,3283
2. Medellin,8.9,MT3,3284
2. Medellin,81,MT3,461
2. Medellin,81,MT3,464
2. Medellin,81,MT3,472
2. Medellin,81,MT3,481
2. Medellin,81,MT3,487
2. Medellin,81,MT3,495
2. Medellin,81,MT3,496
2. Medellin,81,MT3,654
2. Medellin,81,MT3,657
2. Medellin,81,MT3,661
2. Medellin,3,MT3,951
20. Valledupar,23,MT3,2287
20. Valledupar,23,MT3,2288
20. Valledupar,23,MT3,2337
20. Valledupar,23,MT3,2340
20. Valledupar,23,MT3,2351
20. Valledupar,23,MT3,2401
20. Valledupar,41,MT3,2667
20. Valledupar,13,MT3,625
21. Villavicencio,16,MT3,2547
21. Villavicencio,16,MT3,2556
21. Villavicencio,24,MT3,2647
21. Villavicencio,24,MT3,2649
21. Villavicencio,24,MT3,2650
21. Villavicencio,24,MT3,2651
21. Villavicencio,41,MT3,2664
21. Villavicencio,24,MT3,2685
21. Villavicencio,24,MT3,2734
21. Villavicencio,8.9,MT3,3234
21. Villavicencio,8.9,MT3,3235
22. Santa Marta,3,MT3,2218
22. Santa Marta,23,MT3,2234
22. Santa Marta,23,MT3,2252
22. Santa Marta,23,MT3,2301
22. Santa Marta,23,MT3,2321
22. Santa Marta,23,MT3,2324
22. Santa Marta,14,MT3,2328
22. Santa Marta,23,MT3,2331
22. Santa Marta,23,MT3,2377
22. Santa Marta,36,MT3,2434
22. Santa Marta,4,MT3,2482
22. Santa Marta,4,MT3,2483
22. Santa Marta,13,MT3,617
23. Neiva,23,MT3,2153
23. Neiva,23,MT3,2261
23. Neiva,23,MT3,2265
23. Neiva,23,MT3,2266
23. Neiva,23,MT3,2267
23. Neiva,23,MT3,2269
23. Neiva,23,MT3,855
23. Neiva,20,MT3,876
24. Rionegro,23,MT3,2389
24. Rionegro,41,MT3,2660
24. Rionegro,41,MT3,2663
24. Rionegro,24,MT3,2682
24. Rionegro,24,MT3,2842
24. Rionegro,24,MT3,2849
24. Rionegro,24,MT3,2852
24. Rionegro,24,MT3,2857
24. Rionegro,24,MT3,2884
24. Rionegro,24,MT3,2888
24. Rionegro,17.7,MT3,2892
24. Rionegro,17.7,MT3,2908
24. Rionegro,17.7,MT3,2910
27. Apartado,23,MT3,2334
27. Apartado,16,MT3,2640
27. Apartado,16,MT3,2643
27. Apartado,24,MT3,2674
27. Apartado,24,MT3,2681
28. Flandes,23,MT3,1838
28. Flandes,23,MT3,2189
28. Flandes,23,MT3,2342
28. Flandes,23,MT3,2352
28. Flandes,23,MT3,2396
29. Tunja,14,MT3,2363
29. Tunja,23,MT3,2397
29. Tunja,23,MT3,2398
29. Tunja,23,MT3,2399
29. Tunja,36,MT3,2417
29. Tunja,36,MT3,2429
29. Tunja,36,MT3,2430
3. Yumbo,23,MT3,1804
3. Yumbo,23,MT3,1805
3. Yumbo,23,MT3,1830
3. Yumbo,23,MT3,1834
3. Yumbo,23,MT3,1840
3. Yumbo,23,MT3,1846
3. Yumbo,23,MT3,1847
3. Yumbo,23,MT3,1848
3. Yumbo,23,MT3,1851
3. Yumbo,23,MT3,1855
3. Yumbo,23,MT3,1862
3. Yumbo,23,MT3,1864
3. Yumbo,23,MT3,1866
3. Yumbo,23,MT3,1874
3. Yumbo,23,MT3,1881
3. Yumbo,23,MT3,1882
3. Yumbo,23,MT3,1883
3. Yumbo,23,MT3,1884
3. Yumbo,23,MT3,1885
3. Yumbo,23,MT3,1886
3. Yumbo,23,MT3,1887
3. Yumbo,23,MT3,1889
3. Yumbo,23,MT3,1896
3. Yumbo,23,MT3,2138
3. Yumbo,23,MT3,2139
3. Yumbo,23,MT3,2152
3. Yumbo,23,MT3,2166
3. Yumbo,3,MT3,2216
3. Yumbo,3,MT3,2217
3. Yumbo,3,MT3,2219
3. Yumbo,23,MT3,2225
3. Yumbo,23,MT3,2227
3. Yumbo,23,MT3,2233
3. Yumbo,23,MT3,2235
3. Yumbo,23,MT3,2237
3. Yumbo,23,MT3,2238
3. Yumbo,23,MT3,2239
3. Yumbo,23,MT3,2242
3. Yumbo,23,MT3,2243
3. Yumbo,23,MT3,2244
3. Yumbo,23,MT3,2249
3. Yumbo,23,MT3,2250
3. Yumbo,23,MT3,2253
3. Yumbo,23,MT3,2256
3. Yumbo,23,MT3,2257
3. Yumbo,23,MT3,2264
3. Yumbo,23,MT3,2272
3. Yumbo,23,MT3,2273
3. Yumbo,23,MT3,2302
3. Yumbo,23,MT3,2303
3. Yumbo,23,MT3,2316
3. Yumbo,23,MT3,2348
3. Yumbo,23,MT3,2349
3. Yumbo,14,MT3,2358
3. Yumbo,14,MT3,2359
3. Yumbo,14,MT3,2362
3. Yumbo,14,MT3,2364
3. Yumbo,36,MT3,2406
3. Yumbo,36,MT3,2408
3. Yumbo,36,MT3,2409
3. Yumbo,36,MT3,2412
3. Yumbo,36,MT3,2413
3. Yumbo,36,MT3,2433
3. Yumbo,36,MT3,2447
3. Yumbo,36,MT3,2448
3. Yumbo,36,MT3,2449
3. Yumbo,36,MT3,2467
3. Yumbo,16,MT3,2507
3. Yumbo,16,MT3,2509
3. Yumbo,16,MT3,2510
3. Yumbo,16,MT3,2512
3. Yumbo,41,MT3,2568
3. Yumbo,41,MT3,2578
3. Yumbo,41,MT3,2579
3. Yumbo,41,MT3,2580
3. Yumbo,41,MT3,2582
3. Yumbo,41,MT3,2583
3. Yumbo,36,MT3,2835
3. Yumbo,8.9,MT3,2864
3. Yumbo,8.9,MT3,2865
3. Yumbo,8.9,MT3,2868
3. Yumbo,39,MT3,315
3. Yumbo,8.9,MT3,3206
3. Yumbo,8.9,MT3,3207
3. Yumbo,8.9,MT3,3208
3. Yumbo,8.9,MT3,3211
3. Yumbo,8.9,MT3,3222
3. Yumbo,8.9,MT3,3223
3. Yumbo,8.9,MT3,3224
3. Yumbo,8.9,MT3,3225
3. Yumbo,8.9,MT3,3226
3. Yumbo,8.9,MT3,3227
3. Yumbo,81,MT3,458
3. Yumbo,81,MT3,479
3. Yumbo,81,MT3,483
3. Yumbo,81,MT3,489
3. Yumbo,81,MT3,497
3. Yumbo,13,MT3,613
3. Yumbo,13,MT3,622
3. Yumbo,23,MT3,819
3. Yumbo,23,MT3,852
3. Yumbo,20,MT3,875
3. Yumbo,20,MT3,877
3. Yumbo,20,MT3,879
3. Yumbo,20,MT3,881
3. Yumbo,23,MT3,884
3. Yumbo,23,MT3,889
3. Yumbo,23,MT3,897
3. Yumbo,23,MT3,899
3. Yumbo,23,MT3,910
3. Yumbo,23,MT3,911
30. Calarca,23,MT3,1826
30. Calarca,23,MT3,1869
30. Calarca,23,MT3,2136
30. Calarca,23,MT3,2144
30. Calarca,23,MT3,2146
30. Calarca,23,MT3,2158
30. Calarca,23,MT3,2186
30. Calarca,23,MT3,2229
30. Calarca,23,MT3,2255
30. Calarca,36,MT3,2371
30. Calarca,16,MT3,2607
31. Copacabana,14,MT3,2354
31. Copacabana,14,MT3,2355
31. Copacabana,36,MT3,2367
31. Copacabana,23,MT3,2379
31. Copacabana,23,MT3,2422
31. Copacabana,23,MT3,2469
31. Copacabana,41,MT3,2572
31. Copacabana,24,MT3,2843
31. Copacabana,24,MT3,2847
31. Copacabana,8.9,MT3,2863
31. Copacabana,24,MT3,2889
31. Copacabana,17.7,MT3,2891
31. Copacabana,17.7,MT3,2893
31. Copacabana,17.7,MT3,2895
31. Copacabana,17.7,MT3,2897
31. Copacabana,17.7,MT3,2898
31. Copacabana,17.7,MT3,2911
31. Copacabana,24,MT3,2920
31. Copacabana,24,MT3,2926
32. Aguachica,23,MT3,1853
32. Aguachica,23,MT3,2332
34. Florencia,23,MT3,2259
35. Barrancabermeja,16,MT3,2516
36. Riohacha,23,MT3,2286
36. Riohacha,23,MT3,2289
36. Riohacha,23,MT3,2304
36. Riohacha,23,MT3,2319
38. La Ceja,14,MT3,2628
38. La Ceja,24,MT3,2846
38. La Ceja,24,MT3,2882
38. La Ceja,17.7,MT3,2907
39. Pitalito,23,MT3,2183
39. Pitalito,23,MT3,2228
39. Pitalito,23,MT3,2258
4. Pereira,23,MT3,1813
4. Pereira,23,MT3,1833
4. Pereira,23,MT3,2147
4. Pereira,23,MT3,2151
4. Pereira,23,MT3,2184
4. Pereira,23,MT3,2191
4. Pereira,23,MT3,2317
4. Pereira,36,MT3,2370
4. Pereira,23,MT3,2381
4. Pereira,23,MT3,2382
4. Pereira,36,MT3,2416
4. Pereira,36,MT3,2426
4. Pereira,4,MT3,2485
4. Pereira,41,MT3,2564
4. Pereira,16,MT3,2606
4. Pereira,8.9,MT3,3205
4. Pereira,8.9,MT3,3267
4. Pereira,8.9,MT3,3269
4. Pereira,8.9,MT3,3270
4. Pereira,8.9,MT3,3272
4. Pereira,13,MT3,606
4. Pereira,13,MT3,615
4. Pereira,13,MT3,624
4. Pereira,23,MT3,800
4. Pereira,23,MT3,802
4. Pereira,23,MT3,805
4. Pereira,23,MT3,806
4. Pereira,23,MT3,858
4. Pereira,23,MT3,859
4. Pereira,23,MT3,860
4. Pereira,23,MT3,861
4. Pereira,23,MT3,862
4. Pereira,23,MT3,867
4. Pereira,23,MT3,871
4. Pereira,23,MT3,872
41. Tulua,23,MT3,1835
41. Tulua,23,MT3,2145
41. Tulua,23,MT3,2149
41. Tulua,23,MT3,2154
41. Tulua,23,MT3,2248
41. Tulua,20,MT3,882
5. Ibague,3,MT3,2209
5. Ibague,3,MT3,2211
5. Ibague,23,MT3,2296
5. Ibague,36,MT3,2427
5. Ibague,13,MT3,620
5. Ibague,23,MT3,810
5. Ibague,23,MT3,820
5. Ibague,23,MT3,853
5. Ibague,23,MT3,854
5. Ibague,20,MT3,878
6. Bucaramanga,23,MT3,1842
6. Bucaramanga,23,MT3,1844
6. Bucaramanga,23,MT3,1867
6. Bucaramanga,23,MT3,1872
6. Bucaramanga,23,MT3,2132
6. Bucaramanga,23,MT3,2142
6. Bucaramanga,23,MT3,2175
6. Bucaramanga,23,MT3,2193
6. Bucaramanga,3,MT3,2220
6. Bucaramanga,23,MT3,2231
6. Bucaramanga,23,MT3,2232
6. Bucaramanga,23,MT3,2240
6. Bucaramanga,23,MT3,2254
6. Bucaramanga,23,MT3,2279
6. Bucaramanga,23,MT3,2280
6. Bucaramanga,23,MT3,2300
6. Bucaramanga,23,MT3,2308
6. Bucaramanga,23,MT3,2318
6. Bucaramanga,23,MT3,2322
6. Bucaramanga,23,MT3,2330
6. Bucaramanga,23,MT3,2347
6. Bucaramanga,23,MT3,2353
6. Bucaramanga,23,MT3,2373
6. Bucaramanga,23,MT3,2375
6. Bucaramanga,23,MT3,2386
6. Bucaramanga,23,MT3,2453
6. Bucaramanga,23,MT3,2470
6. Bucaramanga,16,MT3,2515
6. Bucaramanga,8.9,MT3,3196
6. Bucaramanga,8.9,MT3,3218
6. Bucaramanga,8.9,MT3,3220
6. Bucaramanga,8.9,MT3,3231
6. Bucaramanga,8.9,MT3,3236
6. Bucaramanga,8.9,MT3,3238
6. Bucaramanga,8.9,MT3,3240
6. Bucaramanga,8.9,MT3,3248
6. Bucaramanga,13,MT3,618
7. Barranquilla,23,MT3,1801
7. Barranquilla,23,MT3,1802
7. Barranquilla,23,MT3,1806
7. Barranquilla,23,MT3,1808
7. Barranquilla,23,MT3,1809
7. Barranquilla,23,MT3,1810
7. Barranquilla,23,MT3,1811
7. Barranquilla,23,MT3,1812
7. Barranquilla,23,MT3,1814
7. Barranquilla,23,MT3,1815
7. Barranquilla,23,MT3,1816
7. Barranquilla,23,MT3,1821
7. Barranquilla,23,MT3,1854
7. Barranquilla,23,MT3,1861
7. Barranquilla,23,MT3,1880
7. Barranquilla,23,MT3,2110
7. Barranquilla,3,MT3,2208
7. Barranquilla,23,MT3,2282
7. Barranquilla,23,MT3,2290
7. Barranquilla,23,MT3,2294
7. Barranquilla,23,MT3,2299
7. Barranquilla,23,MT3,2309
7. Barranquilla,23,MT3,2311
7. Barranquilla,23,MT3,2314
7. Barranquilla,23,MT3,2323
7. Barranquilla,4,MT3,2480
7. Barranquilla,16,MT3,2508
7. Barranquilla,16,MT3,2513
7. Barranquilla,16,MT3,2523
7. Barranquilla,16,MT3,2550
7. Barranquilla,16,MT3,2638
7. Barranquilla,16,MT3,2639
7. Barranquilla,16,MT3,2641
7. Barranquilla,81,MT3,451
7. Barranquilla,81,MT3,452
7. Barranquilla,81,MT3,460
7. Barranquilla,81,MT3,476
7. Barranquilla,81,MT3,485
7. Barranquilla,13,MT3,616
7. Barranquilla,81,MT3,650
7. Barranquilla,20,MT3,873
7. Barranquilla,20,MT3,880
7. Barranquilla,23,MT3,885
7. Barranquilla,23,MT3,886
7. Barranquilla,23,MT3,888
7. Barranquilla,23,MT3,892
7. Barranquilla,23,OCT,894
7. Barranquilla,23,MT3,895
7. Barranquilla,23,MT3,912
8. Sincelejo,23,MT3,2172
8. Sincelejo,23,MT3,2181
8. Sincelejo,23,MT3,2306
8. Sincelejo,23,MT3,2336
8. Sincelejo,23,MT3,2346
8. Sincelejo,16,MT3,2642
8. Sincelejo,13,MT3,602
9. Turbaco,23,MT3,1850
9. Turbaco,23,MT3,2134
9. Turbaco,13,MT3,2137
9. Turbaco,23,MT3,2241
9. Turbaco,23,MT3,2292
9. Turbaco,23,MT3,2307
9. Turbaco,23,MT3,2315
9. Turbaco,23,MT3,2333
9. Turbaco,23,MT3,2344
9. Turbaco,23,MT3,2383
9. Turbaco,36,MT3,2431
9. Turbaco,4,MT3,2486
9. Turbaco,41,MT3,2668
9. Turbaco,81,MT3,269
9. Turbaco,81,MT3,449
9. Turbaco,81,MT3,474
9. Turbaco,81,MT3,50
9. Turbaco,13,MT3,603
9. Turbaco,13,MT3,607
9. Turbaco,13,MT3,608
9. Turbaco,13,MT3,609
9. Turbaco,13,MT3,610
9. Turbaco,13,MT3,611
9. Turbaco,13,MT3,612
9. Turbaco,13,MT3,614
9. Turbaco,13,MT3,619
9. Turbaco,20,MT3,874
9. Turbaco,23,MT3,887
9. Turbaco,13,MT3,952
9. Turbaco,13,MT3,953
98. Ruta nacional,81,MT3,1162
98. Ruta nacional,81,MT3,1181
98. Ruta nacional,81,MT3,1184
98. Ruta nacional,81,MT3,1189
98. Ruta nacional,81,MT3,1199
98. Ruta nacional,81,MT3,1200
98. Ruta nacional,81,MT3,1208
98. Ruta nacional,81,MT3,1288
98. Ruta nacional,81,MT3,1327
98. Ruta nacional,81,MT3,1328
98. Ruta nacional,81,MT3,1335
98. Ruta nacional,81,MT3,1336
98. Ruta nacional,81,MT3,1343
98. Ruta nacional,81,MT3,1344
98. Ruta nacional,81,MT3,1354
98. Ruta nacional,72,MT3,150
98. Ruta nacional,72,MT3,151
98. Ruta nacional,82,MT3,1511
98. Ruta nacional,82,MT3,1512
98. Ruta nacional,82,MT3,1513
98. Ruta nacional,82,MT3,1514
98. Ruta nacional,82,MT3,1515
98. Ruta nacional,82,MT3,1516
98. Ruta nacional,82,MT3,1517
98. Ruta nacional,82,MT3,1518
98. Ruta nacional,82,MT3,1519
98. Ruta nacional,82,MT3,1520
98. Ruta nacional,82,MT3,1521
98. Ruta nacional,82,MT3,1522
98. Ruta nacional,82,MT3,1523
98. Ruta nacional,82,MT3,1524
98. Ruta nacional,72,MT3,153
98. Ruta nacional,70,,1552
98. Ruta nacional,70,,1554
98. Ruta nacional,70,,1555
98. Ruta nacional,70,,1556
98. Ruta nacional,70,,1558
98. Ruta nacional,75,MT3,156
98. Ruta nacional,70,,157
98. Ruta nacional,72,MT3,159
98. Ruta nacional,70,,160
98. Ruta nacional,70,,161
98. Ruta nacional,70,,1616
98. Ruta nacional,70,,1617
98. Ruta nacional,72,MT3,1628
98. Ruta nacional,72,MT3,1629
98. Ruta nacional,72,MT3,163
98. Ruta nacional,70,,164
98. Ruta nacional,70,,1642
98. Ruta nacional,70,,1643
98. Ruta nacional,70,,1645
98. Ruta nacional,70,,1646
98. Ruta nacional,90,MT3,1647
98. Ruta nacional,70,,1648
98. Ruta nacional,70,,1651
98. Ruta nacional,70,,1652
98. Ruta nacional,90,MT3,1656
98. Ruta nacional,72,MT3,166
98. Ruta nacional,72,MT3,1665
98. Ruta nacional,70,,1674
98. Ruta nacional,70,,1675
98. Ruta nacional,70,MT3,1677
98. Ruta nacional,72,MT3,1683
98. Ruta nacional,70,,1684
98. Ruta nacional,70,,169
98. Ruta nacional,72,MT3,1692
98. Ruta nacional,72,MT3,170
98. Ruta nacional,70,,171
98. Ruta nacional,70,,1716
98. Ruta nacional,72,MT3,172
98. Ruta nacional,70,,173
98. Ruta nacional,72,MT3,1731
98. Ruta nacional,70,,1734
98. Ruta nacional,72,MT3,1738
98. Ruta nacional,70,,174
98. Ruta nacional,72,MT3,1755
98. Ruta nacional,70,,1759
98. Ruta nacional,70,,1760
98. Ruta nacional,70,MT3,1766
98. Ruta nacional,70,MT3,1767
98. Ruta nacional,70,MT3,1768
98. Ruta nacional,70,MT3,1769
98. Ruta nacional,70,,177
98. Ruta nacional,72,MT3,1772
98. Ruta nacional,72,MT3,178
98. Ruta nacional,70,,181
98. Ruta nacional,70,,182
98. Ruta nacional,72,MT3,183
98. Ruta nacional,70,,184
98. Ruta nacional,72,MT3,185
98. Ruta nacional,70,,186
98. Ruta nacional,70,,187
98. Ruta nacional,70,,188
98. Ruta nacional,72,MT3,189
98. Ruta nacional,72,MT3,191
98. Ruta nacional,72,MT3,192
98. Ruta nacional,72,MT3,194
98. Ruta nacional,70,,195
98. Ruta nacional,70,,196
98. Ruta nacional,70,,197
98. Ruta nacional,72,MT3,198
98. Ruta nacional,70,,199
98. Ruta nacional,81,MT3,1991
98. Ruta nacional,72,MT3,200
98. Ruta nacional,70,,201
98. Ruta nacional,70,,202
98. Ruta nacional,81,MT3,2020
98. Ruta nacional,81,MT3,2021
98. Ruta nacional,81,MT3,2022
98. Ruta nacional,81,MT3,2025
98. Ruta nacional,81,MT3,2028
98. Ruta nacional,81,MT3,2029
98. Ruta nacional,70,,203
98. Ruta nacional,81,MT3,2031
98. Ruta nacional,81,MT3,2032
98. Ruta nacional,81,MT3,2033
98. Ruta nacional,81,MT3,2034
98. Ruta nacional,81,MT3,2035
98. Ruta nacional,81,MT3,2036
98. Ruta nacional,81,MT3,2039
98. Ruta nacional,81,MT3,2040
98. Ruta nacional,81,MT3,2041
98. Ruta nacional,81,MT3,2042
98. Ruta nacional,81,MT3,2043
98. Ruta nacional,81,MT3,2044
98. Ruta nacional,81,MT3,2045
98. Ruta nacional,81,MT3,2046
98. Ruta nacional,81,MT3,2047
98. Ruta nacional,81,MT3,2048
98. Ruta nacional,81,MT3,2049
98. Ruta nacional,72,MT3,205
98. Ruta nacional,81,MT3,2050
98. Ruta nacional,81,MT3,2051
98. Ruta nacional,81,MT3,2052
98. Ruta nacional,81,MT3,2053
98. Ruta nacional,81,MT3,2054
98. Ruta nacional,81,MT3,2055
98. Ruta nacional,81,MT3,2056
98. Ruta nacional,81,MT3,2057
98. Ruta nacional,81,MT3,2058
98. Ruta nacional,81,MT3,2059
98. Ruta nacional,72,MT3,206
98. Ruta nacional,81,MT3,2060
98. Ruta nacional,81,MT3,2061
98. Ruta nacional,81,MT3,2062
98. Ruta nacional,81,MT3,2064
98. Ruta nacional,70,,207
98. Ruta nacional,70,,208
98. Ruta nacional,81,MT3,2081
98. Ruta nacional,81,MT3,2082
98. Ruta nacional,81,MT3,2086
98. Ruta nacional,81,MT3,2087
98. Ruta nacional,72,MT3,209
98. Ruta nacional,72,MT3,210
98. Ruta nacional,70,,211
98. Ruta nacional,72,MT3,212
98. Ruta nacional,70,,213
98. Ruta nacional,70,,214
98. Ruta nacional,70,,215
98. Ruta nacional,70,,218
98. Ruta nacional,70,,219
98. Ruta nacional,72,MT3,221
98. Ruta nacional,70,,222
98. Ruta nacional,81,MT3,222041
98. Ruta nacional,72,MT3,224
98. Ruta nacional,70,,225
98. Ruta nacional,70,,226
98. Ruta nacional,70,,227
98. Ruta nacional,72,MT3,228
98. Ruta nacional,70,,229
98. Ruta nacional,70,,230
98. Ruta nacional,70,,232
98. Ruta nacional,72,MT3,233
98. Ruta nacional,70,,234
98. Ruta nacional,70,,236
98. Ruta nacional,70,,237
98. Ruta nacional,72,MT3,238
98. Ruta nacional,72,MT3,239
98. Ruta nacional,72,MT3,240
98. Ruta nacional,72,MT3,241
98. Ruta nacional,81,MT3,2411
98. Ruta nacional,72,MT3,242
98. Ruta nacional,70,MT3,243
98. Ruta nacional,70,MT3,244
98. Ruta nacional,70,MT3,245
98. Ruta nacional,70,MT3,246
98. Ruta nacional,78.28,MT3,247
98. Ruta nacional,72,MT3,248
98. Ruta nacional,72,MT3,249
98. Ruta nacional,72,MT3,251
98. Ruta nacional,70,MT3,252
98. Ruta nacional,72,MT3,253
98. Ruta nacional,72,MT3,254
98. Ruta nacional,72,MT3,255
98. Ruta nacional,72,MT3,256
98. Ruta nacional,72,MT3,257
98. Ruta nacional,70,MT3,258
98. Ruta nacional,70,MT3,259
98. Ruta nacional,70,MT3,2592
98. Ruta nacional,70,MT3,260
98. Ruta nacional,70,MT3,2602
98. Ruta nacional,70,MT3,261
98. Ruta nacional,70,MT3,2612
98. Ruta nacional,70,MT3,262
98. Ruta nacional,72,MT3,263
98. Ruta nacional,70,MT3,264
98. Ruta nacional,70,MT3,265
98. Ruta nacional,41,MT3,2658
98. Ruta nacional,41,MT3,2662
98. Ruta nacional,41,MT3,2665
98. Ruta nacional,72,MT3,267
98. Ruta nacional,72,MT3,268
98. Ruta nacional,81,MT3,2691
98. Ruta nacional,81,MT3,2692
98. Ruta nacional,81,MT3,2693
98. Ruta nacional,81,MT3,2694
98. Ruta nacional,81,MT3,2695
98. Ruta nacional,81,MT3,2696
98. Ruta nacional,81,MT3,2697
98. Ruta nacional,81,MT3,2698
98. Ruta nacional,81,MT3,2699
98. Ruta nacional,81,MT3,2700
98. Ruta nacional,81,MT3,2701
98. Ruta nacional,81,MT3,2702
98. Ruta nacional,81,MT3,2703
98. Ruta nacional,81,MT3,2704
98. Ruta nacional,72,MT3,2705
98. Ruta nacional,72,MT3,2711
98. Ruta nacional,81,MT3,2712
98. Ruta nacional,81,MT3,2713
98. Ruta nacional,81,MT3,2714
98. Ruta nacional,81,MT3,2715
98. Ruta nacional,81,MT3,2716
98. Ruta nacional,81,MT3,2717
98. Ruta nacional,81,MT3,2718
98. Ruta nacional,81,MT3,2719
98. Ruta nacional,81,MT3,2721
98. Ruta nacional,81,MT3,2722
98. Ruta nacional,81,MT3,2723
98. Ruta nacional,81,MT3,2724
98. Ruta nacional,81,MT3,2725
98. Ruta nacional,81,MT3,2726
98. Ruta nacional,81,MT3,2727
98. Ruta nacional,81,MT3,2728
98. Ruta nacional,81,MT3,2729
98. Ruta nacional,81,MT3,2730
98. Ruta nacional,81,MT3,2738
98. Ruta nacional,81,MT3,2739
98. Ruta nacional,81,MT3,2740
98. Ruta nacional,81,MT3,2741
98. Ruta nacional,81,MT3,2742
98. Ruta nacional,81,MT3,2743
98. Ruta nacional,81,MT3,2744
98. Ruta nacional,81,MT3,2745
98. Ruta nacional,81,MT3,2746
98. Ruta nacional,81,MT3,2747
98. Ruta nacional,81,MT3,2748
98. Ruta nacional,81,MT3,2749
98. Ruta nacional,81,MT3,2750
98. Ruta nacional,81,MT3,2751
98. Ruta nacional,81,MT3,2752
98. Ruta nacional,81,MT3,2753
98. Ruta nacional,81,MT3,2754
98. Ruta nacional,81,MT3,2755
98. Ruta nacional,81,PAC1,2756
98. Ruta nacional,81,PAC1,2757
98. Ruta nacional,81,PAC1,2758
98. Ruta nacional,81,MT3,2759
98. Ruta nacional,72,MT3,276
98. Ruta nacional,81,MT3,2760
98. Ruta nacional,81,MT3,2761
98. Ruta nacional,72,MT3,277
98. Ruta nacional,72,MT3,278
98. Ruta nacional,72,MT3,279
98. Ruta nacional,72,MT3,280
98. Ruta nacional,72,MT3,281
98. Ruta nacional,72,MT3,282
98. Ruta nacional,72,MT3,283
98. Ruta nacional,81,MT3,2832
98. Ruta nacional,81,MT3,2836
98. Ruta nacional,81,MT3,2838
98. Ruta nacional,81,MT3,2839
98. Ruta nacional,72,MT3,284
98. Ruta nacional,78.28,MT3,285
98. Ruta nacional,72,MT3,286
98. Ruta nacional,72,MT3,287
98. Ruta nacional,72,MT3,288
98. Ruta nacional,72,MT3,289
98. Ruta nacional,81,MT3,2930
98. Ruta nacional,72,MT3,297
98. Ruta nacional,72,MT3,298
98. Ruta nacional,72,MT3,299
98. Ruta nacional,49200,KLS,3063
98. Ruta nacional,49200,KLS,3064
98. Ruta nacional,49200,KLS,3065
98. Ruta nacional,49200,KLS,3066
98. Ruta nacional,49200,KLS,3067
98. Ruta nacional,49200,KLS,3068
98. Ruta nacional,49200,KLS,3069
98. Ruta nacional,49200,KLS,3070
98. Ruta nacional,49200,KLS,3071
98. Ruta nacional,49200,KLS,3072
98. Ruta nacional,49200,KLS,3073
98. Ruta nacional,49200,KLS,3074
98. Ruta nacional,49200,KLS,3075
98. Ruta nacional,49200,KLS,3076
98. Ruta nacional,49200,KLS,3077
98. Ruta nacional,49200,KLS,3078
98. Ruta nacional,49200,KLS,3079
98. Ruta nacional,49200,KLS,3080
98. Ruta nacional,49200,KLS,3081
98. Ruta nacional,49200,KLS,3082
98. Ruta nacional,49200,KLS,3083
98. Ruta nacional,49200,KLS,3084
98. Ruta nacional,49200,KLS,3085
98. Ruta nacional,49200,KLS,3086
98. Ruta nacional,49200,KLS,3087
98. Ruta nacional,49200,KLS,3088
98. Ruta nacional,49200,KLS,3089
98. Ruta nacional,49200,KLS,3090
98. Ruta nacional,49200,KLS,3091
98. Ruta nacional,49200,KLS,3092
98. Ruta nacional,81,MT3,3134
98. Ruta nacional,81,MT3,3135
98. Ruta nacional,81,MT3,3136
98. Ruta nacional,81,MT3,3137
98. Ruta nacional,81,MT3,3138
98. Ruta nacional,81,MT3,3139
98. Ruta nacional,81,MT3,3140
98. Ruta nacional,81,MT3,3141
98. Ruta nacional,81,MT3,3142
98. Ruta nacional,81,MT3,3143
98. Ruta nacional,39.4,MT3,3167
98. Ruta nacional,39.4,MT3,3168
98. Ruta nacional,39.4,MT3,3169
98. Ruta nacional,39.4,MT3,3170
98. Ruta nacional,39.4,MT3,3171
98. Ruta nacional,39.4,MT3,3172
98. Ruta nacional,39.4,MT3,3173
98. Ruta nacional,39.4,MT3,3174
98. Ruta nacional,39.4,MT3,3175
98. Ruta nacional,39.4,MT3,3176
98. Ruta nacional,39.4,MT3,3177
98. Ruta nacional,39.4,MT3,3178
98. Ruta nacional,39.4,MT3,3179
98. Ruta nacional,39.4,MT3,3180
98. Ruta nacional,39.4,MT3,3181
98. Ruta nacional,39.4,MT3,3182
98. Ruta nacional,39.4,MT3,3183
98. Ruta nacional,39.4,MT3,3184
98. Ruta nacional,39.4,MT3,3185
98. Ruta nacional,39.4,MT3,3186
98. Ruta nacional,72,MT3,351
98. Ruta nacional,72,MT3,352
98. Ruta nacional,72,MT3,353
98. Ruta nacional,72,MT3,354
98. Ruta nacional,72,MT3,355
98. Ruta nacional,72,MT3,358
98. Ruta nacional,72,MT3,362
98. Ruta nacional,72,MT3,364
98. Ruta nacional,72,MT3,365
98. Ruta nacional,72,MT3,366
98. Ruta nacional,72,MT3,367
98. Ruta nacional,72,MT3,368
98. Ruta nacional,72,MT3,369
98. Ruta nacional,72,MT3,370
98. Ruta nacional,72,MT3,371
98. Ruta nacional,72,MT3,372
98. Ruta nacional,72,MT3,373
98. Ruta nacional,72,MT3,374
98. Ruta nacional,72,MT3,375
98. Ruta nacional,72,MT3,376
98. Ruta nacional,81,MT3,463
98. Ruta nacional,81,MT3,467
98. Ruta nacional,81,MT3,471
98. Ruta nacional,81,MT3,473
98. Ruta nacional,81,MT3,475
98. Ruta nacional,81,MT3,477
98. Ruta nacional,81,MT3,478
98. Ruta nacional,81,MT3,493
98. Ruta nacional,81,MT3,494
98. Ruta nacional,81,MT3,499
98. Ruta nacional,72,MT3,5000
98. Ruta nacional,72,MT3,5001
98. Ruta nacional,76.4,MT3,5045
98. Ruta nacional,76.4,MT3,5046
98. Ruta nacional,76.4,MT3,5047
98. Ruta nacional,76.4,MT3,5048
98. Ruta nacional,76.4,MT3,5049
98. Ruta nacional,76.4,MT3,5050
98. Ruta nacional,76.4,MT3,5051
98. Ruta nacional,76.4,MT3,5052
98. Ruta nacional,76.4,MT3,5053
98. Ruta nacional,76.4,MT3,5054
98. Ruta nacional,76.4,MT3,5055
98. Ruta nacional,76.4,MT3,5056
98. Ruta nacional,76.4,MT3,5057
98. Ruta nacional,76.4,MT3,5058
98. Ruta nacional,76.4,MT3,5059
98. Ruta nacional,76.4,MT3,5060
98. Ruta nacional,76.4,MT3,5061
98. Ruta nacional,76.4,MT3,5062
98. Ruta nacional,76.4,MT3,5063
98. Ruta nacional,76.4,MT3,5064
98. Ruta nacional,76.4,MT3,5075
98. Ruta nacional,76.4,MT3,5076
98. Ruta nacional,76.4,MT3,5077
98. Ruta nacional,76.4,MT3,5078
98. Ruta nacional,76.4,MT3,5079
98. Ruta nacional,76.4,MT3,5080
98. Ruta nacional,76.4,MT3,5081
98. Ruta nacional,76.4,MT3,5082
98. Ruta nacional,76.4,MT3,5083
98. Ruta nacional,76.4,MT3,5084
98. Ruta nacional,76.4,MT3,5085
98. Ruta nacional,76.4,MT3,5086
98. Ruta nacional,76.4,MT3,5087
98. Ruta nacional,76.4,MT3,5088
98. Ruta nacional,76.4,MT3,5089
98. Ruta nacional,76.4,MT3,5090
98. Ruta nacional,76.4,MT3,5091
98. Ruta nacional,76.4,MT3,5092
98. Ruta nacional,76.4,MT3,5093
98. Ruta nacional,76.4,MT3,5094
98. Ruta nacional,76.4,MT3,5095
98. Ruta nacional,76.4,MT3,5096
98. Ruta nacional,76.4,MT3,5097
98. Ruta nacional,76.4,MT3,5098
98. Ruta nacional,76.4,MT3,5099
98. Ruta nacional,76.4,MT3,5100
98. Ruta nacional,76.4,MT3,5101
98. Ruta nacional,76.4,MT3,5102
98. Ruta nacional,76.4,MT3,5103
98. Ruta nacional,76.4,MT3,5104
98. Ruta nacional,76.4,MT3,5105
98. Ruta nacional,76.4,MT3,5106
98. Ruta nacional,76.4,MT3,5107
98. Ruta nacional,76.4,MT3,5108
98. Ruta nacional,76.4,MT3,5109
98. Ruta nacional,76.4,MT3,5110
98. Ruta nacional,76.4,MT3,5111
98. Ruta nacional,76.4,MT3,5112
98. Ruta nacional,76.4,MT3,5113
98. Ruta nacional,76.4,MT3,5114
98. Ruta nacional,76.4,MT3,5115
98. Ruta nacional,76.4,MT3,5116
98. Ruta nacional,76.4,MT3,5117
98. Ruta nacional,76.4,MT3,5118
98. Ruta nacional,76.4,MT3,5119
98. Ruta nacional,72,MT3,512
98. Ruta nacional,76.4,MT3,5124
98. Ruta nacional,76.4,MT3,5125
98. Ruta nacional,76.4,MT3,5126
98. Ruta nacional,76.4,MT3,5127
98. Ruta nacional,76.4,MT3,5128
98. Ruta nacional,76.4,MT3,5129
98. Ruta nacional,72,MT3,513
98. Ruta nacional,76.4,MT3,5130
98. Ruta nacional,76.4,MT3,5131
98. Ruta nacional,76.4,MT3,5132
98. Ruta nacional,76.4,MT3,5133
98. Ruta nacional,82,MT3,514
98. Ruta nacional,76.4,MT3,5144
98. Ruta nacional,76.4,MT3,5145
98. Ruta nacional,76.4,MT3,5146
98. Ruta nacional,76.4,MT3,5147
98. Ruta nacional,76.4,MT3,5148
98. Ruta nacional,76.4,MT3,5149
98. Ruta nacional,82,MT3,515
98. Ruta nacional,76.4,MT3,5150
98. Ruta nacional,76.4,MT3,5151
98. Ruta nacional,76.4,MT3,5152
98. Ruta nacional,76.4,MT3,5153
98. Ruta nacional,82,MT3,516
98. Ruta nacional,82,MT3,517
98. Ruta nacional,82,MT3,518
98. Ruta nacional,82,MT3,519
98. Ruta nacional,82,MT3,520
98. Ruta nacional,82,MT3,521
98. Ruta nacional,82,MT3,522
98. Ruta nacional,82,MT3,523
98. Ruta nacional,82,MT3,524
98. Ruta nacional,82,MT3,525
98. Ruta nacional,82,MT3,526
98. Ruta nacional,82,MT3,527
98. Ruta nacional,82,MT3,528
98. Ruta nacional,82,MT3,529
98. Ruta nacional,82,MT3,530
98. Ruta nacional,82,MT3,531
98. Ruta nacional,82,MT3,532
98. Ruta nacional,82,MT3,533
98. Ruta nacional,82,MT3,534
98. Ruta nacional,82,MT3,535
98. Ruta nacional,82,MT3,536
98. Ruta nacional,82,MT3,537
98. Ruta nacional,82,MT3,538
98. Ruta nacional,82,MT3,539
98. Ruta nacional,82,MT3,540
98. Ruta nacional,82,MT3,541
98. Ruta nacional,82,MT3,542
98. Ruta nacional,82,MT3,543
98. Ruta nacional,82,MT3,544
98. Ruta nacional,82,MT3,545
98. Ruta nacional,82,MT3,546
98. Ruta nacional,82,MT3,547
98. Ruta nacional,82,MT3,548
98. Ruta nacional,82,MT3,549
98. Ruta nacional,82,MT3,550
98. Ruta nacional,82,MT3,551
98. Ruta nacional,82,MT3,552
98. Ruta nacional,82,MT3,553
98. Ruta nacional,82,MT3,554
98. Ruta nacional,82,MT3,555
98. Ruta nacional,82,MT3,556
98. Ruta nacional,82,MT3,557
98. Ruta nacional,82,MT3,558
98. Ruta nacional,82,MT3,559
98. Ruta nacional,82,MT3,560
98. Ruta nacional,82,MT3,561
98. Ruta nacional,82,MT3,562
98. Ruta nacional,82,MT3,563
98. Ruta nacional,82,MT3,564
98. Ruta nacional,82,MT3,565
98. Ruta nacional,82,MT3,566
98. Ruta nacional,82,MT3,567
98. Ruta nacional,82,MT3,568
98. Ruta nacional,82,MT3,569
98. Ruta nacional,82,MT3,570
98. Ruta nacional,82,MT3,571
98. Ruta nacional,82,MT3,572
98. Ruta nacional,82,MT3,573
98. Ruta nacional,82,MT3,574
98. Ruta nacional,82,MT3,575
98. Ruta nacional,82,MT3,576
98. Ruta nacional,82,MT3,577
98. Ruta nacional,82,MT3,578
98. Ruta nacional,82,MT3,579
98. Ruta nacional,82,MT3,581
98. Ruta nacional,82,MT3,582
98. Ruta nacional,82,MT3,583
98. Ruta nacional,82,MT3,584
98. Ruta nacional,82,MT3,585
98. Ruta nacional,82,MT3,586
98. Ruta nacional,82,MT3,587
98. Ruta nacional,82,MT3,588
98. Ruta nacional,82,MT3,589
98. Ruta nacional,82,MT3,590
98. Ruta nacional,82,MT3,591
98. Ruta nacional,82,MT3,592
98. Ruta nacional,82,MT3,593
98. Ruta nacional,82,MT3,594
98. Ruta nacional,82,MT3,595
98. Ruta nacional,82,MT3,596
98. Ruta nacional,82,MT3,597
98. Ruta nacional,82,MT3,598
98. Ruta nacional,81,MT3,637
98. Ruta nacional,81,MT3,644
98. Ruta nacional,81,MT3,645
98. Ruta nacional,81,MT3,646
98. Ruta nacional,81,MT3,647
98. Ruta nacional,81,MT3,648
98. Ruta nacional,81,MT3,649
98. Ruta nacional,81,MT3,655
98. Ruta nacional,81,MT3,656
98. Ruta nacional,81,MT3,658
98. Ruta nacional,81,MT3,663
98. Ruta nacional,81,MT3,664
98. Ruta nacional,81,MT3,671
98. Ruta nacional,81,MT3,672
98. Ruta nacional,81,MT3,682
98. Ruta nacional,81,MT3,686
98. Ruta nacional,81,MT3,687
98. Ruta nacional,81,MT3,688
98. Ruta nacional,81,MT3,689
98. Ruta nacional,81,MT3,690
98. Ruta nacional,81,MT3,692
98. Ruta nacional,81,MT3,693
98. Ruta nacional,81,MT3,695
98. Ruta nacional,81,MT3,698